datetime,filename,hexvalue
2013:10:02 17:45:16,IMG_3086.jpg,#8a8072
2013:10:07 10:06:17,IMG_3102.jpg,#979f9a
2013:09:30 13:20:20,IMG_3084.jpg,#8a9772
2013:10:06 11:42:05,IMG_3100.jpg,#838085
2013:10:01 16:23:47,IMG_3085.jpg,#96938d
2013:10:17 07:59:02,IMG_3114.jpg,#3d8a9b
2013:10:10 17:56:00,IMG_3103.jpg,#6c9481
2013:10:05 12:31:41,IMG_3096.jpg,#9ea099
2013:10:21 15:45:03,IMG_3116.jpg,#7f9373
2013:10:22 13:12:43,IMG_3118.jpg,#769672
2013:10:25 10:38:14,IMG_3123.jpg,#779b7e
2013:10:24 17:57:30,IMG_3122.jpg,#71858e
2013:10:27 09:39:00,IMG_3126.jpg,#6b8386
2013:10:29 14:24:39,IMG_3130.jpg,#7c856a
